nombre,nombre_oficial_inegi,cvegeo,municipio,lat,lon,fuente,url_fuente,ambito,poblacion_2020,osm_id,osm_lat,osm_lon,dif_inegi_osm_m,verificacion,notas
Venecia,Venecia,100070159,"Gómez Palacio (10-007), Durango",25.7791692,-103.3533897,"INEGI, Catálogo Único de Claves Geoestadísticas (localidades)",https://gaia.inegi.org.mx/wscatgeo/v2/localidades/100070159,RURAL,1918,node/5128609321,25.7792032,-103.3531906,20,INEGI + OSM coinciden,
Nuevo Gómez,Nuevo Gómez,100070820,"Gómez Palacio (10-007), Durango",25.6000372,-103.5279114,"INEGI, Catálogo Único de Claves Geoestadísticas (localidades)",https://gaia.inegi.org.mx/wscatgeo/v2/localidades/100070820,RURAL,2,,,,,Solo INEGI (sin punto en OSM),INEGI registra solo 2 habitantes (Censo 2020); no aparece en OSM. Coincide (~70 m) con el valor original 1033139/253558 leído como grados-minutos-segundos.
Nuevo Gómez Dos,Nuevo Gómez Dos,100070924,"Gómez Palacio (10-007), Durango",25.6139278,-103.5165578,"INEGI, Catálogo Único de Claves Geoestadísticas (localidades)",https://gaia.inegi.org.mx/wscatgeo/v2/localidades/100070924,RURAL,0,,,,,Solo INEGI (sin punto en OSM),INEGI registra 0 habitantes (Censo 2020); no aparece en OSM. El código original lo ponía en 25.65 y 25.365: ambos incorrectos.
4 de Diciembre,Cuatro de Diciembre (Sagundo),100070053,"Gómez Palacio (10-007), Durango",25.7160628,-103.5895114,"INEGI, Catálogo Único de Claves Geoestadísticas (localidades)",https://gaia.inegi.org.mx/wscatgeo/v2/localidades/100070053,RURAL,261,,,,,Solo INEGI (sin punto en OSM),Nombre oficial INEGI: «Cuatro de Diciembre (Sagundo)». En OSM solo existe el camino «La Aurora-Numancia-Cuatro de Diciembre» (~1.7 km).
Chihuahuita (Viejo),Chihuahuita (Chihuahuita Viejo),100070056,"Gómez Palacio (10-007), Durango",25.7374214,-103.3753356,"INEGI, Catálogo Único de Claves Geoestadísticas (localidades)",https://gaia.inegi.org.mx/wscatgeo/v2/localidades/100070056,RURAL,345,node/11099662960,25.7371901,-103.3753556,26,INEGI + OSM coinciden,INEGI tiene dos localidades «Chihuahuita»: Viejo y Nuevo.
Chihuahuita (Nuevo),Chihuahuita (Chihuahuita Nuevo),100070326,"Gómez Palacio (10-007), Durango",25.7329472,-103.3618200,"INEGI, Catálogo Único de Claves Geoestadísticas (localidades)",https://gaia.inegi.org.mx/wscatgeo/v2/localidades/100070326,RURAL,106,node/11099670367,25.7337591,-103.3618265,90,INEGI + OSM coinciden,"Segunda localidad con el mismo nombre, ~1.4 km al este."
Berlín,Berlín,100070039,"Gómez Palacio (10-007), Durango",25.8234797,-103.5791478,"INEGI, Catálogo Único de Claves Geoestadísticas (localidades)",https://gaia.inegi.org.mx/wscatgeo/v2/localidades/100070039,RURAL,210,node/3042323237,25.8242701,-103.5789280,91,INEGI + OSM coinciden,
Brittingham,Brittingham,100070040,"Gómez Palacio (10-007), Durango",25.7578672,-103.5691600,"INEGI, Catálogo Único de Claves Geoestadísticas (localidades)",https://gaia.inegi.org.mx/wscatgeo/v2/localidades/100070040,RURAL,673,node/3928058644,25.7584337,-103.5691674,63,INEGI + OSM coinciden,Confirmado en el municipio de Gómez Palacio (INEGI 10-007 y OSM).
El Cortijo,El Cortijo,100070052,"Gómez Palacio (10-007), Durango",25.6468511,-103.6011483,"INEGI, Catálogo Único de Claves Geoestadísticas (localidades)",https://gaia.inegi.org.mx/wscatgeo/v2/localidades/100070052,RURAL,1,,,,,Solo INEGI (sin punto en OSM),INEGI registra 1 habitante (Censo 2020); no aparece en OSM. Usar con cautela.
Dinamita,Dinamita,100070058,"Gómez Palacio (10-007), Durango",25.7223561,-103.6600214,"INEGI, Catálogo Único de Claves Geoestadísticas (localidades)",https://gaia.inegi.org.mx/wscatgeo/v2/localidades/100070058,RURAL,720,node/1876249463,25.7228623,-103.6589568,121,INEGI + OSM coinciden,
La Popular,La Popular,100070120,"Gómez Palacio (10-007), Durango",25.6788314,-103.4667492,"INEGI, Catálogo Único de Claves Geoestadísticas (localidades)",https://gaia.inegi.org.mx/wscatgeo/v2/localidades/100070120,URBANO,3440,node/3042264493,25.6791990,-103.4657095,112,INEGI + OSM coinciden,Localidad urbana según INEGI.
El Paraíso,El Paraíso,100070114,"Gómez Palacio (10-007), Durango",25.7152408,-103.4062131,"INEGI, Catálogo Único de Claves Geoestadísticas (localidades)",https://gaia.inegi.org.mx/wscatgeo/v2/localidades/100070114,RURAL,217,node/11100543503,25.7159698,-103.4057558,93,INEGI + OSM coinciden,
Tajo Viejo,Tajo Viejo,100070590,"Gómez Palacio (10-007), Durango",25.6830725,-103.4239169,"INEGI, Catálogo Único de Claves Geoestadísticas (localidades)",https://gaia.inegi.org.mx/wscatgeo/v2/localidades/100070590,RURAL,193,node/11102155874,25.6830421,-103.4238553,7,INEGI + OSM coinciden,
