cvegeo,cve_loc,nombre,ambito,lat,lon,pob_2020
100070001,0001,Gómez Palacio,URBANO,25.5701072,-103.4964169,301742
100070029,0029,Granja Ana [Propiedad Privada],RURAL,25.65184,-103.4999372,0
100070030,0030,Los Ángeles,RURAL,25.7840844,-103.3693222,330
100070031,0031,Aquiles Serdán,RURAL,25.6418011,-103.4358667,270
100070032,0032,Arcinas,RURAL,25.7766858,-103.4103442,1652
100070033,0033,Arturo Martínez Adame,RURAL,25.8318792,-103.3860239,767
100070034,0034,La Aurora,RURAL,25.7462417,-103.5945194,955
100070035,0035,La Billetera,RURAL,25.7337153,-103.5285481,1
100070036,0036,El Barro,RURAL,25.8344522,-103.3943347,799
100070037,0037,Bella Unión,RURAL,25.6267003,-103.4147447,237
100070039,0039,Berlín,RURAL,25.8234797,-103.5791478,210
100070040,0040,Brittingham,RURAL,25.7578672,-103.56916,673
100070041,0041,Bucareli,RURAL,25.6642178,-103.5348094,541
100070042,0042,Colonia Agrícola Buendía,RURAL,25.7133861,-103.5108131,11
100070043,0043,El Cairo Dos [Granja],RURAL,25.6770247,-103.5410319,0
100070044,0044,California,RURAL,25.7611039,-103.3770031,922
100070045,0045,El Cariño,RURAL,25.6322392,-103.4418922,512
100070046,0046,El Castillo,RURAL,25.6666667,-103.4247222,611
100070048,0048,El Compás,RURAL,25.6916353,-103.3807325,1299
100070049,0049,La Competencia,RURAL,25.6722903,-103.52781,656
100070051,0051,El Consuelo,RURAL,25.7291775,-103.4727483,446
100070052,0052,El Cortijo,RURAL,25.6468511,-103.6011483,1
100070053,0053,Cuatro de Diciembre (Sagundo),RURAL,25.7160628,-103.5895114,261
100070056,0056,Chihuahuita (Chihuahuita Viejo),RURAL,25.7374214,-103.3753356,345
100070057,0057,18 de Marzo,RURAL,25.8322058,-103.3794408,343
100070058,0058,Dinamita,RURAL,25.7223561,-103.6600214,720
100070060,0060,El Duraznito,RURAL,25.6857053,-103.6208431,0
100070061,0061,Eliaf (El Chorizo),RURAL,25.6509661,-103.5838231,0
100070063,0063,San Carlos (La Escondida) [Propiedad Privada],RURAL,25.7034117,-103.5220572,0
100070064,0064,Esmeralda,RURAL,25.7418403,-103.4306081,2319
100070065,0065,La Estrella,RURAL,25.6917536,-103.5885925,0
100070066,0066,Eureka de Media Luna (Eureka),RURAL,25.7991858,-103.3746519,1108
100070069,0069,La Flor,RURAL,25.6810725,-103.3692708,1591
100070076,0076,Glorieta,RURAL,25.8036303,-103.3514739,663
100070077,0077,Villa Gregorio García,RURAL,25.7533189,-103.3523494,1562
100070079,0079,Huitrón,RURAL,25.85777,-103.3481283,1642
100070082,0082,Independencia,RURAL,25.8506958,-103.4198333,142
100070085,0085,Jerusalem,RURAL,25.80936,-103.358085,310
100070086,0086,Jiménez (Jiménez Uno),RURAL,25.8310211,-103.3571911,1430
100070087,0087,Jolo (Diecinueve de Octubre),RURAL,25.6786064,-103.51659,390
100070088,0088,José María Morelos y Pavón,RURAL,25.861415,-103.5713825,340
100070089,0089,El Junco,RURAL,25.6935919,-103.5367333,140
100070090,0090,Lázaro Cárdenas,RURAL,25.8036111,-103.5902778,238
100070097,0097,El Manantial [Propiedad Privada],RURAL,25.7813683,-103.5790189,0
100070098,0098,Manila,RURAL,25.6911497,-103.5417939,619
100070100,0100,Las Margaritas,RURAL,25.6890575,-103.6100878,0
100070101,0101,María Antonieta,RURAL,25.7152778,-103.5522222,157
100070102,0102,Las Macitas,RURAL,25.699135,-103.4084931,339
100070107,0107,Nazas (Las Lagartijas),RURAL,25.6254508,-103.4595314,669
100070108,0108,Noé,RURAL,25.6849294,-103.5848722,649
100070109,0109,Estación Noé,RURAL,25.717935,-103.5557803,557
100070113,0113,Numancia,RURAL,25.7291617,-103.5919425,395
100070114,0114,El Paraíso,RURAL,25.7152408,-103.4062131,217
100070115,0115,Pastor Rouaix,URBANO,25.68249,-103.5106014,2713
100070117,0117,La Plata,RURAL,25.7014247,-103.5691442,276
100070118,0118,Las Playas,RURAL,25.7303853,-103.5782581,222
100070119,0119,Poanas,RURAL,25.7693792,-103.6063253,420
100070120,0120,La Popular,URBANO,25.6788314,-103.4667492,3440
100070122,0122,Providencia,RURAL,25.8156172,-103.5787358,564
100070123,0123,Puente de la Torreña,RURAL,25.6353583,-103.5842322,1185
100070124,0124,El Quemado,RURAL,25.7105458,-103.3786275,819
100070126,0126,Reforma,RURAL,25.7191761,-103.3753744,614
100070128,0128,El Retoño,RURAL,25.73986,-103.3343906,283
100070129,0129,Rinconada,RURAL,25.748645,-103.344725,240
100070131,0131,Rincón de Santa Cruz,RURAL,25.7191908,-103.3528514,319
100070132,0132,San Alberto,RURAL,25.8250944,-103.34482,947
100070133,0133,Providencia [Establo],RURAL,25.6552856,-103.6010081,0
100070135,0135,San Felipe,URBANO,25.6930533,-103.3826356,3460
100070136,0136,San Gabriel,RURAL,25.6642067,-103.5650053,5
100070139,0139,San José de Viñedo,RURAL,25.6489494,-103.400705,1778
100070140,0140,San Ramiro,RURAL,25.7506056,-103.5829508,42
100070141,0141,San Ramón,RURAL,25.6341322,-103.5433386,1025
100070144,0144,San Sebastián,RURAL,25.6430336,-103.4265194,885
100070145,0145,Santa Clara,RURAL,25.8090131,-103.5940083,570
100070147,0147,Santa Cruz Luján,RURAL,25.7227947,-103.3596967,1562
100070148,0148,Santa Julia,RURAL,25.736255,-103.6146317,0
100070151,0151,Seis de Octubre,RURAL,25.8142764,-103.574815,919
100070152,0152,La Tehua,RURAL,25.7119553,-103.4255908,691
100070154,0154,Transporte,RURAL,25.6355253,-103.5418275,1309
100070155,0155,El Triunfo,RURAL,25.6435144,-103.5124244,353
100070156,0156,El Valle de Eureka,RURAL,25.8177319,-103.3968383,531
100070157,0157,La Vega del Paraíso,RURAL,25.7245303,-103.3905136,1
100070158,0158,El Veintinueve de Agosto,RURAL,25.8342319,-103.3752508,70
100070159,0159,Venecia,RURAL,25.7791692,-103.3533897,1918
100070160,0160,El Vergel,RURAL,25.6382197,-103.5207181,2129
100070161,0161,El Vergelito,RURAL,25.7156569,-103.4376986,1050
100070162,0162,Vicente Nava,RURAL,25.6262486,-103.4623967,190
100070163,0163,Estación Viñedo,RURAL,25.6619394,-103.4115383,910
100070171,0171,Acapulco,RURAL,25.7579744,-103.5358114,23
100070172,0172,Venustiano Carranza,RURAL,25.775265,-103.5555267,8
100070174,0174,Grupo Solidario Pamplona (Granja Hidalgo),RURAL,25.7726394,-103.5401461,9
100070176,0176,La Rosita (Progreso Chiquito),RURAL,25.7824442,-103.5271725,0
100070177,0177,La Paz [Granja],RURAL,25.7795197,-103.5509486,0
100070182,0182,Las Coyoteras,RURAL,25.8179317,-103.4229311,0
100070183,0183,La Luz,RURAL,25.7576836,-103.5308508,1064
100070185,0185,El Progreso,RURAL,25.7742258,-103.5115003,55
100070191,0191,Pequeña Propiedad Esmeralda,RURAL,25.7535836,-103.4178039,0
100070193,0193,Pastor Rouaix (Jaboncillo),RURAL,25.7583117,-103.4485736,324
100070194,0194,San Martín,RURAL,25.7491675,-103.485765,54
100070205,0205,El Cairo [Despepite],RURAL,25.6760092,-103.5391753,2
100070209,0209,Corea,RURAL,25.7264628,-103.5253286,4
100070212,0212,Los Magueyes,RURAL,25.6952764,-103.4914467,4
100070214,0214,Jolo [Propiedad Privada],RURAL,25.6817039,-103.5226683,6
100070217,0217,Martha (El Colorado) [Granja],RURAL,25.7235978,-103.5487194,0
100070220,0220,Noelie [Granja],RURAL,25.6956175,-103.4825592,0
100070223,0223,Palo Blanco,RURAL,25.7175483,-103.5218739,606
100070224,0224,Granja el Rocío [Propiedad Privada],RURAL,25.7000117,-103.5160997,2
100070225,0225,La Pequeña Santana,RURAL,25.6576261,-103.5800067,0
100070227,0227,San Luisito,RURAL,25.6849978,-103.5034008,0
100070228,0228,San Roque,RURAL,25.7256522,-103.5895972,206
100070229,0229,La Soledad,RURAL,25.6509328,-103.5776614,5
100070230,0230,Toledo [Propiedad Privada],RURAL,25.6952725,-103.5836628,4
100070238,0238,La Herradura,RURAL,25.6446286,-103.4590358,11
100070243,0243,Pátzcuaro,RURAL,25.7061344,-103.455485,19
100070244,0244,Santa María,RURAL,25.7190517,-103.5063703,0
100070248,0248,El Gato,RURAL,25.7101322,-103.4510958,0
100070259,0259,Guerrero [Granja],RURAL,25.60063,-103.5531661,0
100070262,0262,San Carlos,RURAL,25.6393622,-103.4558094,0
100070264,0264,El Celo,RURAL,25.6222667,-103.4425114,21
100070272,0272,San Fernando,RURAL,25.6411933,-103.4563681,1
100070273,0273,Trece de Marzo,RURAL,25.6903867,-103.4427789,234
100070276,0276,La Encantada,RURAL,25.6513481,-103.4534528,0
100070278,0278,Pueblo Nuevo (El Siete),RURAL,25.7332997,-103.6302294,430
100070279,0279,El Volado,RURAL,25.73663,-103.6305089,235
100070281,0281,Fuente Bella,RURAL,25.6665519,-103.6108944,7
100070282,0282,Santa Cruz,RURAL,25.7154622,-103.5909192,73
100070284,0284,San Carlos,RURAL,25.6937864,-103.6009881,2
100070287,0287,El Trébol,RURAL,25.6531269,-103.5976883,0
100070288,0288,Resumideros,RURAL,25.7541144,-103.6214117,5
100070289,0289,América Uno,RURAL,25.6954431,-103.6181844,283
100070292,0292,Sierra Hermosa,RURAL,25.6753911,-103.6224636,43
100070294,0294,Nextlalpan,RURAL,25.6198122,-103.4508158,3
100070295,0295,Horeb [Propiedad Privada],RURAL,25.6669767,-103.6061597,0
100070302,0302,El Barro 33 (El Treinta y Tres),RURAL,25.8647753,-103.3958369,205
100070304,0304,Establo Madrid,RURAL,25.7678769,-103.4132861,61
100070315,0315,Las Palmas [Granja],RURAL,25.600785,-103.5868142,0
100070316,0316,El Garcés,RURAL,25.5987978,-103.5474464,0
100070318,0318,El Alto del Chivo (Romero Rosas),RURAL,25.6919397,-103.4248572,12
100070322,0322,Establo Bremen,RURAL,25.7616156,-103.5440428,1
100070326,0326,Chihuahuita (Chihuahuita Nuevo),RURAL,25.7329472,-103.36182,106
100070327,0327,Establo Chilchota,RURAL,25.7253497,-103.4367267,0
100070331,0331,Vilma Ale de Herrera (Las Cuadritas),RURAL,25.7215192,-103.5514089,105
100070333,0333,Dolores,RURAL,25.7223167,-103.5662828,620
100070337,0337,Los Órganos (La Gloria),RURAL,25.6680403,-103.4871811,5
100070340,0340,Ideal [Granja],RURAL,25.6760828,-103.5326442,0
100070341,0341,Ilhuicamina,RURAL,25.7139006,-103.6043344,0
100070345,0345,Las 3 Marías,RURAL,25.6990744,-103.6254353,0
100070348,0348,El Mezquite (Cantú),RURAL,25.7455119,-103.5353194,0
100070349,0349,Mi Tumba,RURAL,25.7099558,-103.4382378,3
100070350,0350,El Olivo (Nombre de Dios),RURAL,25.7280311,-103.3991328,8
100070352,0352,Pastor Rouaix (Pénjamo),RURAL,25.7350606,-103.4416761,197
100070354,0354,Pimentel (El Socorrito),RURAL,25.7475461,-103.6012411,3
100070355,0355,Purísima,RURAL,25.7382275,-103.3570992,0
100070359,0359,El Recuerdo,RURAL,25.7294767,-103.5135447,0
100070362,0362,El Solito,RURAL,25.6276494,-103.5764106,0
100070363,0363,San Agustín (Corrales las Luisas),RURAL,25.7405883,-103.5949797,0
100070366,0366,Cemix,RURAL,25.6915483,-103.6157439,0
100070369,0369,San Pedro [Propiedad Privada],RURAL,25.7774069,-103.5884364,0
100070370,0370,San Vicente,RURAL,25.6930253,-103.5213547,0
100070371,0371,El Carmen [Propiedad Privada],RURAL,25.6597803,-103.6019031,1
100070372,0372,Santa Gertrudis,RURAL,25.7107094,-103.44483,5
100070373,0373,Santa Lucina,RURAL,25.6857847,-103.4440939,11
100070375,0375,Santa Rosa,RURAL,25.6758628,-103.6044169,1
100070376,0376,Santa Teresa,RURAL,25.6989289,-103.5308731,3
100070377,0377,Parcela Número Treinta (Hernández Gutiérrez),RURAL,25.7057556,-103.4393764,6
100070379,0379,Paraíso Sector 3 (La Tijera),RURAL,25.7229225,-103.4112847,25
100070384,0384,Las Virginias,RURAL,25.8268644,-103.3548011,30
100070386,0386,Gaucín Luján,RURAL,25.7052169,-103.4422292,15
100070387,0387,Acapulco [Propiedad Privada],RURAL,25.7622292,-103.5358186,2
100070388,0388,Pablo Larriñaga,RURAL,25.6783842,-103.4059936,0
100070389,0389,La Ampliación,RURAL,25.8677969,-103.4244558,0
100070393,0393,Los Andrade,RURAL,25.6905144,-103.43986,15
100070395,0395,Santa Cruz (El Aparecido),RURAL,25.7412125,-103.5457244,2
100070396,0396,Ja (La Huraña) [Granja],RURAL,25.6847258,-103.5142356,10
100070398,0398,Sepúlveda,RURAL,25.6351575,-103.4581189,0
100070400,0400,Arreola Hernández,RURAL,25.6971639,-103.4243156,3
100070401,0401,Astillero,RURAL,25.8481847,-103.5939497,3
100070406,0406,Bethel,RURAL,25.6851786,-103.43623,6
100070407,0407,Bethel [Granja],RURAL,25.6927417,-103.4314328,5
100070409,0409,Ejido Buendía (La Caseta),RURAL,25.7232517,-103.5163103,16
100070411,0411,Las Carmelas,RURAL,25.6602642,-103.4421386,0
100070412,0412,El Compás [Propiedad Privada],RURAL,25.6773153,-103.3749122,0
100070415,0415,Curva de Camacho,RURAL,25.6725797,-103.4463292,14
100070421,0421,Cordero Castro,RURAL,25.69414,-103.4387528,13
100070422,0422,La Escondida (Cordero Reyes),RURAL,25.6907825,-103.431495,3
100070424,0424,Chapingo,RURAL,25.6204044,-103.4571253,0
100070425,0425,Delgado Santa Rosa,RURAL,25.7021056,-103.4759558,3
100070427,0427,Desarrollo Lácteo (Deslac) [Propiedad Privada],RURAL,25.8084244,-103.3537244,3
100070428,0428,Dolores,RURAL,25.6891347,-103.4490186,2
100070430,0430,Padilla Salas,RURAL,25.6892714,-103.4501458,14
100070431,0431,Santa Rosita,RURAL,25.7008281,-103.4290878,0
100070432,0432,Don Mely [Granja],RURAL,25.6939492,-103.5119736,5
100070439,0439,El Pitayo,RURAL,25.6939894,-103.4666364,8
100070441,0441,El Eriazo,RURAL,25.8554389,-103.5482283,6
100070447,0447,Gorosti (Granja Esther) [Granja],RURAL,25.7002147,-103.5842964,3
100070448,0448,Los Eucaliptos,RURAL,25.6936392,-103.4571972,0
100070449,0449,Los Eucaliptos,RURAL,25.6937586,-103.4481483,20
100070451,0451,El Fénix [Propiedad Privada],RURAL,25.6284364,-103.5046839,33
100070454,0454,Florencio Casas,RURAL,25.7777947,-103.3332789,4
100070456,0456,La Fortuna,RURAL,25.7965014,-103.3230342,281
100070457,0457,La Fortuna,RURAL,25.6578167,-103.4643153,11
100070460,0460,Francisco Villa,RURAL,25.7701594,-103.3274678,111
100070462,0462,Ganadera Gilio,RURAL,25.6110039,-103.5551433,0
100070465,0465,Gaucín Araiza,RURAL,25.690905,-103.46622,2
100070469,0469,Avícola Aurora,RURAL,25.7420375,-103.6136031,15
100070472,0472,Cuatro de Julio,RURAL,25.6807875,-103.4449925,34
100070473,0473,Gutiérrez Parra [Propiedad Privada],RURAL,25.6934481,-103.4411658,19
100070474,0474,Lagusol,RURAL,25.6875292,-103.5075294,0
100070479,0479,El Indio,RURAL,25.6859844,-103.5008364,9
100070480,0480,Isidro Morales,RURAL,25.7025708,-103.3725944,11
100070482,0482,La Jarita,RURAL,25.8862917,-103.569365,10
100070483,0483,Jericó [Propiedad Privada],RURAL,25.7765128,-103.5351781,0
100070488,0488,José Guadalupe Antúnez Medina,RURAL,25.6972119,-103.6018042,0
100070491,0491,Ampliación el Vergelito Sur,RURAL,25.7114081,-103.4391847,40
100070492,0492,Leticia [Granja],RURAL,25.6979978,-103.4282031,8
100070496,0496,Santa Sofía,RURAL,25.70634,-103.44176,18
100070498,0498,López Zapata,RURAL,25.6998233,-103.4469203,50
100070506,0506,Mapimí [Granja],RURAL,25.6872933,-103.5015922,4
100070507,0507,San José [Grupo Avícola],RURAL,25.8529658,-103.5882267,0
100070511,0511,Tres Marías,RURAL,25.6921614,-103.4531136,2
100070514,0514,Martínez Leyva,RURAL,25.6968567,-103.4696247,1
100070516,0516,Los Mirasoles,RURAL,25.6978614,-103.4532064,19
100070519,0519,Los Nogales [Granja],RURAL,25.7076097,-103.4974361,0
100070520,0520,Amparo [Granja],RURAL,25.6909797,-103.4666739,10
100070522,0522,Nuevo Amanecer,RURAL,25.6964208,-103.4286219,3
100070523,0523,Los Olivos,RURAL,25.6858381,-103.4445125,5
100070524,0524,Quinta Alina,RURAL,25.7139164,-103.4332233,0
100070525,0525,Familia Sánchez Ramírez,RURAL,25.7112531,-103.4463281,27
100070530,0530,Colonia Agrícola la Popular,RURAL,25.7055167,-103.4452339,27
100070531,0531,García [Granja],RURAL,25.7046094,-103.4493794,2
100070534,0534,El Vuelo del Águila,RURAL,25.6826606,-103.4381344,0
100070535,0535,Ideagema [Granja],RURAL,25.6730578,-103.4601858,4
100070536,0536,La Providencia (Gibraltar),RURAL,25.6121189,-103.5927272,0
100070537,0537,Establo el Porvenir,RURAL,25.6051875,-103.56268,0
100070538,0538,Lupita [Granja],RURAL,25.68098,-103.4484203,4
100070539,0539,Los Potrillos,RURAL,25.7064664,-103.3781867,0
100070540,0540,Quinta Rosy,RURAL,25.6808519,-103.4309247,7
100070541,0541,Tierra Linda,RURAL,25.6861306,-103.4404611,6
100070543,0543,Ramona Hermosillo,RURAL,25.6938889,-103.4370061,33
100070544,0544,Rancho Nuevo,RURAL,25.8350575,-103.6009036,0
100070546,0546,El Recuerdo,RURAL,25.7716883,-103.3291892,349
100070547,0547,El Refugio,RURAL,25.6818642,-103.4303561,2
100070548,0548,La Revancha,RURAL,25.6667689,-103.3944992,2
100070549,0549,Reyes Castro [Propiedad Privada],RURAL,25.6974103,-103.4386717,11
100070550,0550,Ríos [Granja],RURAL,25.6798381,-103.4363775,4
100070551,0551,Chávez [Granja],RURAL,25.6808117,-103.4362886,17
100070552,0552,Rivera Llanes,RURAL,25.7002214,-103.4544436,1
100070553,0553,San Carlos,RURAL,25.6618558,-103.4322131,1
100070554,0554,San Antonio,RURAL,25.6855503,-103.4436,2
100070555,0555,San Aurelio,RURAL,25.6976308,-103.4302364,12
100070557,0557,San Felipe [Propiedad Privada],RURAL,25.6756558,-103.3798039,0
100070558,0558,San Isidro,RURAL,25.7158411,-103.3630647,61
100070559,0559,San José [Granja],RURAL,25.7419458,-103.6128503,0
100070560,0560,González Toscano,RURAL,25.7000839,-103.4420061,1
100070563,0563,San Manuel,RURAL,25.6871367,-103.4611244,1
100070564,0564,San Manuel,RURAL,25.6873614,-103.4582642,0
100070565,0565,San Martín [Establo],RURAL,25.6777258,-103.4438375,0
100070572,0572,Santa Herminia,RURAL,25.6908908,-103.4467081,8
100070575,0575,Aurora [Granja],RURAL,25.6826728,-103.43393,11
100070582,0582,Noria Sector Veintitrés,RURAL,25.6927017,-103.3702897,156
100070588,0588,Colonia Establera San Francisco,RURAL,25.6115644,-103.5688467,8
100070590,0590,Tajo Viejo,RURAL,25.6830725,-103.4239169,193
100070593,0593,Transporte Dos,RURAL,25.6382875,-103.5822089,98
100070599,0599,Familia Sánchez Macías,RURAL,25.7020167,-103.4414564,3
100070602,0602,Tres Robles,RURAL,25.6882753,-103.4471333,4
100070603,0603,Tres Victorias,RURAL,25.6886711,-103.4669864,1
100070604,0604,El Triunfillo (El Triunfito),RURAL,25.6353119,-103.5107147,36
100070605,0605,El Quemado,RURAL,25.6974739,-103.3668844,2
100070606,0606,Familia Sánchez Aguilar,RURAL,25.70167,-103.4371339,0
100070607,0607,El Tuanon [Propiedad Privada],RURAL,25.8580536,-103.5812611,7
100070608,0608,Valdez [Granja],RURAL,25.7007097,-103.4235319,4
100070610,0610,Vázquez [Granja],RURAL,25.6722803,-103.4455681,0
100070611,0611,Vázquez [Propiedad Privada],RURAL,25.6720406,-103.4476039,0
100070614,0614,Noria Venecia Cinco,RURAL,25.7620119,-103.3549317,0
100070616,0616,Noria Venecia de la Sociedad,RURAL,25.7710314,-103.3428617,0
100070617,0617,Viñasol,RURAL,25.6997572,-103.4171511,5
100070620,0620,Yolanda [Granja],RURAL,25.6990892,-103.4401492,0
100070621,0621,Familia Zapata Rosales,RURAL,25.7003567,-103.4517289,10
100070622,0622,Rancho Nuevo (Zurita),RURAL,25.7184353,-103.3844122,2
100070629,0629,Rancho Rosalba,RURAL,25.6875894,-103.54441,4
100070636,0636,Casa Blanca,RURAL,25.6093186,-103.5144011,6
100070638,0638,Establo el Vergel,RURAL,25.6184261,-103.5135819,0
100070640,0640,Centro de Acopio (Granja Blanca),RURAL,25.6998514,-103.5392092,4
100070642,0642,Bugambilia (María Cristina) [Granja],RURAL,25.7397244,-103.5606272,3
100070644,0644,La Estrella [Propiedad Privada],RURAL,25.7169428,-103.5254794,6
100070648,0648,Pozo Pancho Villa,RURAL,25.7969478,-103.3314572,0
100070650,0650,Noria la Tres,RURAL,25.7448131,-103.4373811,0
100070651,0651,Noria la Cuatro,RURAL,25.7231,-103.4290653,3
100070652,0652,El Vergelito,RURAL,25.7209511,-103.4353511,13
100070657,0657,La Platilla (La Nueva) [Nuevo Centro de Población],RURAL,25.6930642,-103.5689278,118
100070659,0659,Las Lechuzas (Las Brujas),RURAL,25.683935,-103.6078033,412
100070660,0660,Familia Vázquez,RURAL,25.6702117,-103.4478783,1
100070661,0661,Hermanos Quezada,RURAL,25.6996275,-103.4484839,11
100070664,0664,El Pato,RURAL,25.7069122,-103.4674606,8
100070665,0665,Familia Valdez Favela,RURAL,25.6976111,-103.4282608,5
100070666,0666,San Antonio,RURAL,25.6927703,-103.4305703,1
100070667,0667,El Refugio,RURAL,25.6986181,-103.4402469,3
100070668,0668,Las Cuatitas,RURAL,25.6964886,-103.4430353,21
100070669,0669,Prevedel [Granja],RURAL,25.6812272,-103.4295253,4
100070671,0671,Las Mercedes F2,RURAL,25.6678617,-103.4258844,6
100070673,0673,El Chorizo (Familia Torres),RURAL,25.6828419,-103.4443556,52
100070674,0674,El Polvorón (Rivera Zapata),RURAL,25.7005694,-103.454615,3
100070676,0676,Familia Vargas Aguilar,RURAL,25.6814936,-103.4442425,35
100070677,0677,El Rosario,RURAL,25.6922064,-103.4308306,3
100070679,0679,Casa Blanca,RURAL,25.6677606,-103.4555861,0
100070684,0684,San José Enmira [Propiedad Privada],RURAL,25.6637022,-103.5221197,0
100070685,0685,El Pilar,RURAL,25.6495522,-103.4623583,32
100070686,0686,La Magdalena (Fresnedo) [Granja],RURAL,25.7405578,-103.5595161,366
100070691,0691,Rancho Gordo,RURAL,25.7709433,-103.4218467,19
100070692,0692,San José del Viñedo [Propiedad Privada],RURAL,25.6545342,-103.4179953,1
100070700,0700,Colonia Seis de Julio (Nuevo Noé),RURAL,25.7216811,-103.5539117,347
100070701,0701,Conejos,RURAL,25.6411058,-103.4475761,0
100070702,0702,Eucaliptos [Granja],RURAL,25.6963933,-103.4453461,14
100070703,0703,La Escondida,RURAL,25.83354,-103.3425575,0
100070706,0706,El Nogueral 555 (Campo Real),RURAL,25.6259328,-103.515495,1
100070708,0708,Gaby [Granja],RURAL,25.6924031,-103.4249603,5
100070709,0709,Jézala,RURAL,25.7075286,-103.441545,0
100070711,0711,La Gavia (Pozo Número 84) [Granja],RURAL,25.7288239,-103.5378097,0
100070712,0712,La Popular [Granja],RURAL,25.6882581,-103.4670331,0
100070715,0715,Rancho San Luis (Granja Ríos),RURAL,25.7470694,-103.40022,13
100070718,0718,Vianey [Granja],RURAL,25.5998422,-103.5498317,0
100070719,0719,Juan Manuel,RURAL,25.6688028,-103.4804664,6
100070722,0722,Ranchito Nuevo Gómez (Hernández Bautista),RURAL,25.5918892,-103.5424619,0
100070723,0723,El Empaque,RURAL,25.7347194,-103.5790947,0
100070724,0724,Juan Rodríguez,RURAL,25.7447183,-103.6344342,0
100070726,0726,Fernando Turrubiates,RURAL,25.6800778,-103.4163664,0
100070727,0727,Ascensión Cruz,RURAL,25.6717972,-103.4157408,0
100070728,0728,Familia López Zapata,RURAL,25.7000686,-103.45084,18
100070730,0730,Familia Ramírez Pérez,RURAL,25.6834375,-103.4437408,5
100070732,0732,El Esfuerzo [Granja],RURAL,25.6968881,-103.4734289,9
100070733,0733,Familia Reséndiz Montoya,RURAL,25.7020769,-103.4422803,3
100070734,0734,Familia Cordero Rosales,RURAL,25.6976544,-103.4432392,4
100070735,0735,Familia Rodríguez Cordero,RURAL,25.6973331,-103.4428197,60
100070739,0739,José Antúnez,RURAL,25.6335086,-103.5926919,0
100070741,0741,El Sol [Granja],RURAL,25.6610981,-103.4572878,4
100070743,0743,Noria de Jiménez Dos,RURAL,25.8224769,-103.3703108,0
100070744,0744,Noria de la Tehua,RURAL,25.7055289,-103.4221031,2
100070745,0745,Noria del Consuelo,RURAL,25.7340289,-103.466275,0
100070746,0746,La Noria del Gavilán,RURAL,25.7626414,-103.4283514,8
100070747,0747,Pequeña Propiedad California,RURAL,25.7430406,-103.4077556,0
100070748,0748,Noria Gregorio García,RURAL,25.7463336,-103.3520367,2
100070751,0751,Noria de la Virginia,RURAL,25.8242189,-103.3524772,0
100070752,0752,Noria Sector Dos,RURAL,25.7105022,-103.3941169,4
100070754,0754,Los Olivos,RURAL,25.6738608,-103.6076653,0
100070759,0759,Quinta el Capricho,RURAL,25.6817031,-103.4291414,3
100070760,0760,Quinta Esperanza,RURAL,25.6878764,-103.4377158,5
100070761,0761,Las Tres B,RURAL,25.8348942,-103.3912019,0
100070762,0762,Rancho Guadalupe,RURAL,25.6898458,-103.6049222,0
100070763,0763,Rancho la Hectárea,RURAL,25.6014639,-103.5537242,0
100070764,0764,Jiménez 2-A (El Arenal),RURAL,25.8260411,-103.3663181,0
100070765,0765,El Chaparral,RURAL,25.7345714,-103.6162603,0
100070767,0767,Santa Angélica,RURAL,25.6829769,-103.5054083,0
100070769,0769,Zoqui [Granja],RURAL,25.6849992,-103.5020694,0
100070775,0775,Ganadera Solórzano,RURAL,25.6762853,-103.5821903,15
100070776,0776,Buendía,RURAL,25.7164642,-103.5198953,215
100070777,0777,Las Carmelitas,RURAL,25.7330289,-103.3580933,4
100070781,0781,Familia García Escobedo,RURAL,25.6973406,-103.4244286,5
100070786,0786,Las Margaritas,RURAL,25.6390789,-103.5384303,18
100070788,0788,Noria el Recuerdo,RURAL,25.7837269,-103.3315964,0
100070789,0789,Familia Esquivel,RURAL,25.6789808,-103.4455417,0
100070790,0790,La Fe,RURAL,25.684725,-103.4241506,1
100070792,0792,El Águila,RURAL,25.8102719,-103.3561789,11
100070793,0793,Ampliación Bucareli,RURAL,25.6576811,-103.5320344,47
100070794,0794,Caseta Kilómetro 17 Canal Sacramento,RURAL,25.6607231,-103.3833583,0
100070796,0796,Las Cribas,RURAL,25.5836458,-103.4426672,2
100070797,0797,Los Delgado,RURAL,25.6981367,-103.4709864,4
100070798,0798,Dos Amigos,RURAL,25.5968311,-103.5483739,0
100070799,0799,El Duraznito,RURAL,25.6892319,-103.6161389,0
100070800,0800,El Durazno,RURAL,25.6876542,-103.6182839,3
100070801,0801,Establo Britingham,RURAL,25.7650547,-103.5725514,0
100070803,0803,Gema [Establo],RURAL,25.7534622,-103.3933,0
100070804,0804,Los 3 Hermanos [Rancho],RURAL,25.60839,-103.5655664,
100070805,0805,San Alberto [Granja],RURAL,25.7476806,-103.5827164,0
100070806,0806,Familia Aldama Sánchez,RURAL,25.6890967,-103.4456733,1
100070808,0808,Familia Mota Andrade,RURAL,25.6938336,-103.4395503,4
100070810,0810,Consuelo Orozco,RURAL,25.6935456,-103.4448547,1
100070811,0811,Familia Guadarrama L.,RURAL,25.7166042,-103.3693603,2
100070812,0812,Familia Torres,RURAL,25.71715,-103.3800094,8
100070814,0814,Francisco Esparza A.,RURAL,25.6000861,-103.5508683,0
100070815,0815,Familia García Delgadillo,RURAL,25.7218178,-103.4738567,1
100070816,0816,Familia Gutiérrez Parra,RURAL,25.6994828,-103.4471003,0
100070817,0817,Jaime Romero,RURAL,25.6894158,-103.4244403,1
100070818,0818,Juan Larriñaga,RURAL,25.7053139,-103.4313586,5
100070819,0819,Familia Llanes Ontiveros,RURAL,25.7090672,-103.4349753,3
100070820,0820,Nuevo Gómez,RURAL,25.6000372,-103.5279114,2
100070821,0821,Rutilio García,RURAL,25.7058281,-103.4474694,10
100070823,0823,Los Martínez,RURAL,25.6992192,-103.4438592,65
100070827,0827,Noria 273,RURAL,25.7498689,-103.4148772,1
100070830,0830,La Lagunita,RURAL,25.6962575,-103.4715706,0
100070832,0832,San Ramón,RURAL,25.6431486,-103.5543736,0
100070834,0834,Santa Gertrudis,RURAL,25.7102214,-103.4411131,9
100070836,0836,La Vega,RURAL,25.6900744,-103.3955708,0
100070838,0838,Palo Hueco,RURAL,25.7029736,-103.4800328,0
100070839,0839,Autódromo Marco Magaña (De la Laguna),RURAL,25.7612364,-103.6269842,2
100070842,0842,Familia Cordero Flores,RURAL,25.6977247,-103.4242333,5
100070843,0843,Huerto Sofía,RURAL,25.7055275,-103.3782333,1
100070844,0844,California Crianza,RURAL,25.7565283,-103.4010686,0
100070846,0846,El Eriazo (La Noria),RURAL,25.8173378,-103.5182642,0
100070848,0848,San Francisco [Granja],RURAL,25.6003528,-103.5575694,0
100070849,0849,Tres Estrellas [Granja],RURAL,25.6394169,-103.5349,1
100070851,0851,Antonio Torres,RURAL,25.7391847,-103.3841272,5
100070853,0853,Cruz Arreola,RURAL,25.6948408,-103.4245431,4
100070854,0854,Dagoberto Ramón Arellano,RURAL,25.6381264,-103.4326803,0
100070855,0855,Familia Cosio Cepeda,RURAL,25.6813117,-103.4283556,4
100070856,0856,Guadalupe Berlanga,RURAL,25.6937344,-103.4406094,0
100070857,0857,José Robles,RURAL,25.6357408,-103.5886572,0
100070858,0858,Jacinto Camacho,RURAL,25.7336536,-103.6239531,0
100070859,0859,Ramiro Rojas,RURAL,25.6729542,-103.4211164,1
100070860,0860,Roberto Ríos,RURAL,25.6825022,-103.4147394,9
100070861,0861,Mármoles Castro,RURAL,25.6979039,-103.5482969,0
100070862,0862,Noria 1981 (Los Ruiz),RURAL,25.7320608,-103.4214078,0
100070863,0863,Nuevo Barro,RURAL,25.8742081,-103.4027353,243
100070864,0864,Noria Paraíso,RURAL,25.7376597,-103.4055297,0
100070865,0865,Noria San Gonzalo,RURAL,25.8184814,-103.3372147,0
100070866,0866,Noria la Una,RURAL,25.6631653,-103.3790383,0
100070867,0867,El Recuerdo [Propiedad Privada],RURAL,25.7680492,-103.3351531,0
100070868,0868,Venecia [Propiedad Privada],RURAL,25.8085464,-103.3918756,0
100070869,0869,Quinta Bam Bam,RURAL,25.6820219,-103.4357481,0
100070870,0870,Quinta el Retiro,RURAL,25.7125319,-103.4336781,5
100070871,0871,Quinta las Ilusiones,RURAL,25.7124483,-103.4322261,0
100070872,0872,Quinta Lilian,RURAL,25.7128456,-103.4328597,0
100070873,0873,Quinta Santa Mónica,RURAL,25.7091106,-103.4362311,0
100070874,0874,El Labrador [Estancia Canina],RURAL,25.6927003,-103.4372731,0
100070875,0875,Santa Herminia,RURAL,25.6650981,-103.5582183,
100070884,0884,Real de San Sebastian (Pedro Luna Solís),RURAL,25.6312408,-103.4286631,0
100070886,0886,Maquilas y Minerales Alfery,RURAL,25.6685608,-103.6048142,0
100070887,0887,Horeb [Rancho],RURAL,25.6659139,-103.6029783,
100070888,0888,Cortijo los Laureles,RURAL,25.6810339,-103.4310911,
100070889,0889,Ampliación el Fénix,RURAL,25.6281869,-103.5055044,2
100070890,0890,Campo C,RURAL,25.7023444,-103.3525164,5
100070891,0891,El Mezquite,RURAL,25.7462917,-103.5314669,0
100070892,0892,Establo el Compás (Noria Número 5),RURAL,25.6819756,-103.37089,0
100070893,0893,Los Contreras (El Castillo) [Granja],RURAL,25.6684161,-103.4160475,0
100070895,0895,La Isla (Los Amaya),RURAL,25.7156608,-103.3732881,4
100070897,0897,Nicolás Roque,RURAL,25.6936867,-103.6112142,0
100070898,0898,Víctor Carrillo Hernández,RURAL,25.7210244,-103.5480497,3
100070899,0899,Industrial Guajardo,RURAL,25.6686853,-103.4596639,0
100070900,0900,María Teresa,RURAL,25.6419614,-103.5394211,0
100070901,0901,Noria 1919,RURAL,25.7425244,-103.4894633,0
100070902,0902,Noria San Martín,RURAL,25.7424203,-103.4772642,0
100070904,0904,Productos Agropecuarios 2 y 2,RURAL,25.6427717,-103.5538956,6
100070905,0905,Quinta Armonía,RURAL,25.688165,-103.436215,6
100070907,0907,Viñasol II,RURAL,25.7082211,-103.4156378,4
100070908,0908,San José (Noria la Dos),RURAL,25.7527797,-103.5214208,0
100070909,0909,Francisco Villa,RURAL,25.7671625,-103.3294161,0
100070911,0911,Corralitos,RURAL,25.703255,-103.4799764,9
100070912,0912,Nato Hernández,RURAL,25.7044547,-103.4782917,0
100070913,0913,Tito Esquivel,RURAL,25.7056503,-103.4777417,1
100070914,0914,Reyes Sánchez [Granja Avícola],RURAL,25.7232919,-103.3728664,0
100070915,0915,Juan Carlos Silva Bernal,RURAL,25.7333786,-103.5714678,0
100070916,0916,Los Anfibios,RURAL,25.8330139,-103.3621467,9
100070917,0917,Marmolera Mauro Lozano,RURAL,25.6799228,-103.6035967,0
100070918,0918,Marmolera Pérez Antúnez,RURAL,25.6813314,-103.6035967,0
100070919,0919,El Hermano [Autopartes],RURAL,25.8374656,-103.5979197,0
100070920,0920,David Gausín,RURAL,25.7029031,-103.4753553,3
100070921,0921,Francisco Mercado,RURAL,25.7364586,-103.35703,0
100070922,0922,Moisés López,RURAL,25.7142978,-103.4789022,3
100070923,0923,Noel Gausín,RURAL,25.7028472,-103.4764531,0
100070924,0924,Nuevo Gómez Dos,RURAL,25.6139278,-103.5165578,0
100070925,0925,Ramiro Canales,RURAL,25.7046806,-103.4409731,0
100070926,0926,Roberto García,RURAL,25.6475286,-103.5238014,0
100070928,0928,La Cabaña (Familia Padilla),RURAL,25.7075067,-103.4397867,5
100070929,0929,Camilo Ceniceros,RURAL,25.7044892,-103.3716111,3
100070930,0930,La Capilla [Granja],RURAL,25.7092467,-103.4474961,7
100070931,0931,Carlos Gerardo Valdés Bohigas,RURAL,25.6890769,-103.3810039,4
100070932,0932,El Consuelo Tres [Noria],RURAL,25.7319258,-103.4760153,0
100070933,0933,Desarrollo Dorado de Milagros A.C. [Hogar de Personas de la Tercera Edad],RURAL,25.7045669,-103.5450958,0
100070934,0934,Miguel Samaniego,RURAL,25.7137364,-103.4752353,3
100070935,0935,Familia Sánchez Montalvo,RURAL,25.7232356,-103.4344356,3
100070936,0936,La Casa Rosa,RURAL,25.8516458,-103.5889164,2
100070937,0937,Los Tres Camacho [Rancho],RURAL,25.8325997,-103.3708117,0
100070938,0938,Porvenir TIFA-88 [Planta Procesadora],RURAL,25.7237364,-103.5578219,0
100070939,0939,Canteras Nueva Carrara [Marmolera],RURAL,25.7374231,-103.6755911,0
100070940,0940,La Risueña [Establo],RURAL,25.6724258,-103.4928461,0
100070941,0941,Fabricaciones Especializadas [Fundidora],RURAL,25.6555642,-103.4263744,0
100070942,0942,Industrial Mafer [Empacadora],RURAL,25.6265756,-103.4467203,0
100070944,0944,Simsa Industrial Park,RURAL,25.6636492,-103.5315658,0
100070945,0945,Transportes Especializados Lucero,RURAL,25.6499583,-103.4248747,0
100070946,0946,Ampliación Venecia,RURAL,25.762415,-103.3524225,18
100070947,0947,Autotransportes Transbap [Taller],RURAL,25.6323472,-103.4646722,7
100070948,0948,CEFERESO Número 14,RURAL,25.8318611,-103.5442292,1874
100070949,0949,Don Ricardo [Quinta],RURAL,25.6457833,-103.5203583,0
100070950,0950,El Lagunero [Restaurante],RURAL,25.8269975,-103.5948653,0
100070951,0951,El Progreso [Rancho],RURAL,25.8029297,-103.5997942,2
100070952,0952,El Vergel [Quintas],RURAL,25.6445892,-103.5329731,0
100070953,0953,La Doña [Restaurante],RURAL,25.8264372,-103.5958017,11
100070954,0954,Remigio Cuevas Galindo,RURAL,25.6434508,-103.5472108,2
100070955,0955,Los Dos Compadres [Rancho],RURAL,25.7566964,-103.5820239,0
100070956,0956,Los Papiringos [Rancho],RURAL,25.8205278,-103.3830619,0
100070957,0957,Los Reyes [Rancho],RURAL,25.6592069,-103.5440008,2
100070958,0958,Santa María [Fraccionamiento],RURAL,25.6429697,-103.5381194,0
100070959,0959,San Lorenzo,RURAL,25.7111225,-103.6102356,2
100070960,0960,El Buen Pastor [Iglesia],RURAL,25.6777189,-103.4450614,0
100070961,0961,Miguel Montañez Meza,RURAL,25.6243694,-103.5959889,0
